-- MySQL Script generated by MySQL Workbench
-- Wed Dec 20 23:42:22 2023
-- Model: New Model    Version: 1.0
-- MySQL Workbench Forward Engineering

SET @OLD_UNIQUE_CHECKS=@@UNIQUE_CHECKS, UNIQUE_CHECKS=0;
SET @OLD_FOREIGN_KEY_CHECKS=@@FOREIGN_KEY_CHECKS, FOREIGN_KEY_CHECKS=0;
SET @OLD_SQL_MODE=@@SQL_MODE, SQL_MODE='ONLY_FULL_GROUP_BY,STRICT_TRANS_TABLES,NO_ZERO_IN_DATE,NO_ZERO_DATE,ERROR_FOR_DIVISION_BY_ZERO,NO_ENGINE_SUBSTITUTION';

-- -----------------------------------------------------
-- Schema mydb
-- -----------------------------------------------------
DROP SCHEMA IF EXISTS `mydb` ;

-- -----------------------------------------------------
-- Schema mydb
-- -----------------------------------------------------
CREATE SCHEMA IF NOT EXISTS `mydb` DEFAULT CHARACTER SET utf8 ;
USE `mydb` ;

-- -----------------------------------------------------
-- Table `mydb`.`Member`
-- -----------------------------------------------------
DROP TABLE IF EXISTS `mydb`.`Member` ;

CREATE TABLE IF NOT EXISTS `mydb`.`Member` (
  `member_id` INT NOT NULL AUTO_INCREMENT,
  `member_name` VARCHAR(45) NOT NULL,
  `member_account` VARCHAR(45) NOT NULL,
  `salt` VARCHAR(45) NULL,
  `hash_pwd` VARCHAR(100) NOT NULL,
  `member_bio` VARCHAR(400) NULL,
  `is_admin` INT NOT NULL,
  `member_img_path` VARCHAR(100) NULL,
  `join_time` DATETIME NULL,
  PRIMARY KEY (`member_id`),
  UNIQUE INDEX `會員id_UNIQUE` (`member_id` ASC),
  UNIQUE INDEX `member_account_UNIQUE` (`member_account` ASC))
ENGINE = InnoDB;


-- -----------------------------------------------------
-- Table `mydb`.`Post`
-- -----------------------------------------------------
DROP TABLE IF EXISTS `mydb`.`Post` ;

CREATE TABLE IF NOT EXISTS `mydb`.`Post` (
  `post_id` INT NOT NULL AUTO_INCREMENT,
  `post_title` VARCHAR(100) NOT NULL,
  `post_type` ENUM('course_note', 'course_material', 'course_feedback') NOT NULL,
  `post_description` VARCHAR(1000) CHARACTER SET 'armscii8' NULL,
  `post_time` DATETIME NULL,
  `edit_time` DATETIME NULL,
  `member_id` INT NOT NULL,
  PRIMARY KEY (`post_id`),
  UNIQUE INDEX `post_id_UNIQUE` (`post_id` ASC))
ENGINE = InnoDB;


-- -----------------------------------------------------
-- Table `mydb`.`File`
-- -----------------------------------------------------
DROP TABLE IF EXISTS `mydb`.`File` ;

CREATE TABLE IF NOT EXISTS `mydb`.`File` (
  `file_id` INT NOT NULL AUTO_INCREMENT,
  `file_path` VARCHAR(100) NULL,
  `post_id` INT NOT NULL,
  `member_id` INT NOT NULL,
  `post_time` DATETIME NULL,
  PRIMARY KEY (`file_id`),
  UNIQUE INDEX `file_id_UNIQUE` (`file_id` ASC))
ENGINE = InnoDB;


-- -----------------------------------------------------
-- Table `mydb`.`Keyword`
-- -----------------------------------------------------
DROP TABLE IF EXISTS `mydb`.`Keyword` ;

CREATE TABLE IF NOT EXISTS `mydb`.`Keyword` (
  `keyword_id` INT NOT NULL AUTO_INCREMENT,
  `word` VARCHAR(60) NULL,
  `post_id` INT NOT NULL,
  PRIMARY KEY (`keyword_id`),
  UNIQUE INDEX `keyword_id_UNIQUE` (`keyword_id` ASC))
ENGINE = InnoDB;


SET SQL_MODE=@OLD_SQL_MODE;
SET FOREIGN_KEY_CHECKS=@OLD_FOREIGN_KEY_CHECKS;
SET UNIQUE_CHECKS=@OLD_UNIQUE_CHECKS;

-- -----------------------------------------------------
-- Data for table `mydb`.`Member`
-- -----------------------------------------------------
START TRANSACTION;
USE `mydb`;
INSERT INTO `mydb`.`Member` (`member_id`, `member_name`, `member_account`, `salt`, `hash_pwd`, `member_bio`, `is_admin`, `member_img_path`, `join_time`) VALUES (1, 'alan', 'a', 'a', 'a', 'Hi i am alan. Nice to meet you!', 0, 'img/initial.png', '2020-01-01 00:00:00');
INSERT INTO `mydb`.`Member` (`member_id`, `member_name`, `member_account`, `salt`, `hash_pwd`, `member_bio`, `is_admin`, `member_img_path`, `join_time`) VALUES (2, 'ben', 'b', 'b', 'b', 'ben ben ben', 0, 'img/initial.png', '2010-04-01 00:00:00');
INSERT INTO `mydb`.`Member` (`member_id`, `member_name`, `member_account`, `salt`, `hash_pwd`, `member_bio`, `is_admin`, `member_img_path`, `join_time`) VALUES (3, 'admin', '123', '123', '123', NULL, 1, 'img/initial.png', '2010-01-01 00:00:00');
INSERT INTO `mydb`.`Member` (`member_id`, `member_name`, `member_account`, `salt`, `hash_pwd`, `member_bio`, `is_admin`, `member_img_path`, `join_time`) VALUES (4, 'calvin', 'c', 'c', 'c', 'hey you yeh you', 0, 'img/initial.png', '2000-01-01 00:00:00');

COMMIT;


-- -----------------------------------------------------
-- Data for table `mydb`.`Post`
-- -----------------------------------------------------
START TRANSACTION;
USE `mydb`;
INSERT INTO `mydb`.`Post` (`post_id`, `post_title`, `post_type`, `post_description`, `post_time`, `edit_time`, `member_id`) VALUES (1, 'system analysis note book', 'course_note', 'This is my note please check', '2020-01-01 12:00:00', '2020-01-01 12:00:00', 1);
INSERT INTO `mydb`.`Post` (`post_id`, `post_title`, `post_type`, `post_description`, `post_time`, `edit_time`, `member_id`) VALUES (2, 'algorithm note', 'course_note', 'note of algorithm.It take me lot of time to do it.', '2020-02-01 12:00:00', '2020-02-01 12:00:00', 1);
INSERT INTO `mydb`.`Post` (`post_id`, `post_title`, `post_type`, `post_description`, `post_time`, `edit_time`, `member_id`) VALUES (3, 'finance material', 'course_material', 'this material is the course material of IM074', '2020-03-04 12:00:00', '2020-03-04 12:00:00', 1);
INSERT INTO `mydb`.`Post` (`post_id`, `post_title`, `post_type`, `post_description`, `post_time`, `edit_time`, `member_id`) VALUES (4, 'english course feedback', 'course_feedback', 'great course! The teacher is keed and willing to teach student in patient. We watch movie in class. Not only learn lots of English vocabularies but also enjoy a great movie.', '2020-07-04 12:00:00', '2020-07-04 12:00:00', 1);
INSERT INTO `mydb`.`Post` (`post_id`, `post_title`, `post_type`, `post_description`, `post_time`, `edit_time`, `member_id`) VALUES (5, 'chinese  course feedback', 'course_feedback', 'bad ass! terrible! DO NOT CHOOSE THIS COURSE', '2020-08-04 12:00:00', '2020-08-04 12:00:00', 1);
INSERT INTO `mydb`.`Post` (`post_id`, `post_title`, `post_type`, `post_description`, `post_time`, `edit_time`, `member_id`) VALUES (6, 'intermediate math', 'course_note', 'this is my note, please take a look', '2010-05-01 00:00:00', '2010-05-01 00:00:00', 2);
INSERT INTO `mydb`.`Post` (`post_id`, `post_title`, `post_type`, `post_description`, `post_time`, `edit_time`, `member_id`) VALUES (7, 'accounting course note', 'course_note', 'I love this class. enjoy you accounting journey.', '2010-05-08 00:00:00', '2010-05-08 00:00:00', 2);
INSERT INTO `mydb`.`Post` (`post_id`, `post_title`, `post_type`, `post_description`, `post_time`, `edit_time`, `member_id`) VALUES (8, 'linear algebra', 'course_material', 'this is very hard! Take care.', '2010-07-08 00:00:00', '2010-07-08 00:00:00', 2);
INSERT INTO `mydb`.`Post` (`post_id`, `post_title`, `post_type`, `post_description`, `post_time`, `edit_time`, `member_id`) VALUES (9, 'foundational phsics text book', 'course_material', 'you must get this book', '2010-08-08 00:00:00', '2010-08-08 00:00:00', 2);
INSERT INTO `mydb`.`Post` (`post_id`, `post_title`, `post_type`, `post_description`, `post_time`, `edit_time`, `member_id`) VALUES (10, 'system analysis feedback', 'course_feedback', 'l love this class, but the final project\'s deadline is too early. holy shit! don\'t choose this course.You will regret!', '2010-08-14 00:00:00', '2010-08-14 00:00:00', 2);
INSERT INTO `mydb`.`Post` (`post_id`, `post_title`, `post_type`, `post_description`, `post_time`, `edit_time`, `member_id`) VALUES (11, 'chemistry class note', 'course_note', 'i\'m freshman in NCU. I found this note on internet and I want to share it to you', '2010-10-28 00:00:00', '2010-10-28 00:00:00', 3);
INSERT INTO `mydb`.`Post` (`post_id`, `post_title`, `post_type`, `post_description`, `post_time`, `edit_time`, `member_id`) VALUES (12, 'advanced finance', 'course_material', 'this is my text book', '2010-01-02 00:00:00', '2010-01-02 00:00:00', 3);
INSERT INTO `mydb`.`Post` (`post_id`, `post_title`, `post_type`, `post_description`, `post_time`, `edit_time`, `member_id`) VALUES (13, 'linear algebra material', 'course_material', 'give you guys the material we use in class IM2099', '2010-01-08 00:00:00', '2010-01-08 00:00:00', 3);
INSERT INTO `mydb`.`Post` (`post_id`, `post_title`, `post_type`, `post_description`, `post_time`, `edit_time`, `member_id`) VALUES (14, 'music foundational course', 'course_feedback', 'I really enjoy this class. The teacher can sing well. Just like a singer. I recommend every come to our class.', '2010-03-08 00:00:00', '2010-03-08 00:00:00', 3);
INSERT INTO `mydb`.`Post` (`post_id`, `post_title`, `post_type`, `post_description`, `post_time`, `edit_time`, `member_id`) VALUES (15, 'finance feedback', 'course_feedback', 'i love finance. I know that I will be investment master in the future.', '2010-05-08 00:00:00', '2010-05-08 00:00:00', 3);

COMMIT;


-- -----------------------------------------------------
-- Data for table `mydb`.`File`
-- -----------------------------------------------------
START TRANSACTION;
USE `mydb`;
INSERT INTO `mydb`.`File` (`file_id`, `file_path`, `post_id`, `member_id`, `post_time`) VALUES (1, 'filepath/sanote1_1.png', 1, 1, '2020-01-01 12:00:00');
INSERT INTO `mydb`.`File` (`file_id`, `file_path`, `post_id`, `member_id`, `post_time`) VALUES (2, 'filepath/algorithm2_1.pdf', 2, 1, '2020-02-01 12:00:00');
INSERT INTO `mydb`.`File` (`file_id`, `file_path`, `post_id`, `member_id`, `post_time`) VALUES (3, 'filepath/3000_Lab4_English.pdf', 3, 1, '2020-03-04 12:00:00');
INSERT INTO `mydb`.`File` (`file_id`, `file_path`, `post_id`, `member_id`, `post_time`) VALUES (4, 'filepath/math6_1.png', 6, 2, '2010-05-01 00:00:00');
INSERT INTO `mydb`.`File` (`file_id`, `file_path`, `post_id`, `member_id`, `post_time`) VALUES (5, 'filepath/accounting2_1.png', 7, 2, '2010-05-08 00:00:00');
INSERT INTO `mydb`.`File` (`file_id`, `file_path`, `post_id`, `member_id`, `post_time`) VALUES (6, 'filepath/linear_algebra8_1.pdf', 8, 2, '2010-07-08 00:00:00');
INSERT INTO `mydb`.`File` (`file_id`, `file_path`, `post_id`, `member_id`, `post_time`) VALUES (7, 'filepath/phsics9_1.pdf', 9, 2, '2010-08-08 00:00:00');
INSERT INTO `mydb`.`File` (`file_id`, `file_path`, `post_id`, `member_id`, `post_time`) VALUES (8, 'filepath/chem11_1.png', 11, 3, '2010-10-28 00:00:00');
INSERT INTO `mydb`.`File` (`file_id`, `file_path`, `post_id`, `member_id`, `post_time`) VALUES (9, 'filepath/fn12_1.png', 12, 3, '2010-01-02 00:00:00');
INSERT INTO `mydb`.`File` (`file_id`, `file_path`, `post_id`, `member_id`, `post_time`) VALUES (10, 'filepath/linear_algebra3_1.pdf', 13, 3, '2010-01-08 00:00:00');
INSERT INTO `mydb`.`File` (`file_id`, `file_path`, `post_id`, `member_id`, `post_time`) VALUES (11, 'filepath/sanote1_2.png', 1, 1, '2020-01-01 12:00:01');
INSERT INTO `mydb`.`File` (`file_id`, `file_path`, `post_id`, `member_id`, `post_time`) VALUES (12, 'filepath/sanote1_3.png', 1, 1, '2020-01-01 12:00:02');
INSERT INTO `mydb`.`File` (`file_id`, `file_path`, `post_id`, `member_id`, `post_time`) VALUES (13, 'filepath/accounting2_2.png', 7, 2, '2010-05-08 00:00:01');
INSERT INTO `mydb`.`File` (`file_id`, `file_path`, `post_id`, `member_id`, `post_time`) VALUES (14, 'filepath/accounting2_3.png', 7, 2, '2010-05-08 00:00:02');
INSERT INTO `mydb`.`File` (`file_id`, `file_path`, `post_id`, `member_id`, `post_time`) VALUES (15, 'filepath/math6_2.png', 6, 2, '2010-05-01 00:00:01');
INSERT INTO `mydb`.`File` (`file_id`, `file_path`, `post_id`, `member_id`, `post_time`) VALUES (16, 'filepath/math6_3.png', 6, 2, '2010-05-01 00:00:02');
INSERT INTO `mydb`.`File` (`file_id`, `file_path`, `post_id`, `member_id`, `post_time`) VALUES (17, 'filepath/math6_4.png', 6, 2, '2010-05-01 00:00:03');
INSERT INTO `mydb`.`File` (`file_id`, `file_path`, `post_id`, `member_id`, `post_time`) VALUES (18, 'filepath/chem11_2.png', 11, 3, '2010-10-28 00:00:01');
INSERT INTO `mydb`.`File` (`file_id`, `file_path`, `post_id`, `member_id`, `post_time`) VALUES (19, 'filepath/fn12_2.png', 12, 3, '2010-01-02 00:00:01');

COMMIT;


-- -----------------------------------------------------
-- Data for table `mydb`.`Keyword`
-- -----------------------------------------------------
START TRANSACTION;
USE `mydb`;
INSERT INTO `mydb`.`Keyword` (`keyword_id`, `word`, `post_id`) VALUES (1, 'sa', 1);
INSERT INTO `mydb`.`Keyword` (`keyword_id`, `word`, `post_id`) VALUES (2, 'Sa', 1);
INSERT INTO `mydb`.`Keyword` (`keyword_id`, `word`, `post_id`) VALUES (3, 'SA', 1);
INSERT INTO `mydb`.`Keyword` (`keyword_id`, `word`, `post_id`) VALUES (4, 'system analysis', 1);
INSERT INTO `mydb`.`Keyword` (`keyword_id`, `word`, `post_id`) VALUES (5, 'System Analysis', 1);
INSERT INTO `mydb`.`Keyword` (`keyword_id`, `word`, `post_id`) VALUES (6, 'note', 1);
INSERT INTO `mydb`.`Keyword` (`keyword_id`, `word`, `post_id`) VALUES (7, 'notebook', 1);
INSERT INTO `mydb`.`Keyword` (`keyword_id`, `word`, `post_id`) VALUES (8, 'class note', 1);
INSERT INTO `mydb`.`Keyword` (`keyword_id`, `word`, `post_id`) VALUES (9, 'course note', 1);
INSERT INTO `mydb`.`Keyword` (`keyword_id`, `word`, `post_id`) VALUES (10, 'course', 1);
INSERT INTO `mydb`.`Keyword` (`keyword_id`, `word`, `post_id`) VALUES (11, 'information management', 1);
INSERT INTO `mydb`.`Keyword` (`keyword_id`, `word`, `post_id`) VALUES (12, 'im', 1);
INSERT INTO `mydb`.`Keyword` (`keyword_id`, `word`, `post_id`) VALUES (13, 'IM', 1);
INSERT INTO `mydb`.`Keyword` (`keyword_id`, `word`, `post_id`) VALUES (14, 'algorithm', 2);
INSERT INTO `mydb`.`Keyword` (`keyword_id`, `word`, `post_id`) VALUES (15, 'cs', 2);
INSERT INTO `mydb`.`Keyword` (`keyword_id`, `word`, `post_id`) VALUES (16, 'CS', 2);
INSERT INTO `mydb`.`Keyword` (`keyword_id`, `word`, `post_id`) VALUES (17, 'computer science', 2);
INSERT INTO `mydb`.`Keyword` (`keyword_id`, `word`, `post_id`) VALUES (18, 'note', 2);
INSERT INTO `mydb`.`Keyword` (`keyword_id`, `word`, `post_id`) VALUES (19, 'note book', 2);
INSERT INTO `mydb`.`Keyword` (`keyword_id`, `word`, `post_id`) VALUES (20, 'course note', 2);
INSERT INTO `mydb`.`Keyword` (`keyword_id`, `word`, `post_id`) VALUES (21, 'finance', 3);
INSERT INTO `mydb`.`Keyword` (`keyword_id`, `word`, `post_id`) VALUES (22, 'material', 3);
INSERT INTO `mydb`.`Keyword` (`keyword_id`, `word`, `post_id`) VALUES (23, 'course material', 3);
INSERT INTO `mydb`.`Keyword` (`keyword_id`, `word`, `post_id`) VALUES (24, 'Finance', 3);
INSERT INTO `mydb`.`Keyword` (`keyword_id`, `word`, `post_id`) VALUES (25, 'invest', 3);
INSERT INTO `mydb`.`Keyword` (`keyword_id`, `word`, `post_id`) VALUES (26, 'investment', 3);
INSERT INTO `mydb`.`Keyword` (`keyword_id`, `word`, `post_id`) VALUES (27, 'english', 4);
INSERT INTO `mydb`.`Keyword` (`keyword_id`, `word`, `post_id`) VALUES (29, 'English', 4);
INSERT INTO `mydb`.`Keyword` (`keyword_id`, `word`, `post_id`) VALUES (30, 'En', 4);
INSERT INTO `mydb`.`Keyword` (`keyword_id`, `word`, `post_id`) VALUES (31, 'en', 4);
INSERT INTO `mydb`.`Keyword` (`keyword_id`, `word`, `post_id`) VALUES (32, 'feedback', 4);
INSERT INTO `mydb`.`Keyword` (`keyword_id`, `word`, `post_id`) VALUES (33, 'Feedback', 4);
INSERT INTO `mydb`.`Keyword` (`keyword_id`, `word`, `post_id`) VALUES (34, 'course feedback', 4);
INSERT INTO `mydb`.`Keyword` (`keyword_id`, `word`, `post_id`) VALUES (35, 'english course', 4);
INSERT INTO `mydb`.`Keyword` (`keyword_id`, `word`, `post_id`) VALUES (36, 'chinese', 5);
INSERT INTO `mydb`.`Keyword` (`keyword_id`, `word`, `post_id`) VALUES (37, 'Chinese', 5);
INSERT INTO `mydb`.`Keyword` (`keyword_id`, `word`, `post_id`) VALUES (38, 'chinese course', 5);
INSERT INTO `mydb`.`Keyword` (`keyword_id`, `word`, `post_id`) VALUES (39, 'feedback', 5);
INSERT INTO `mydb`.`Keyword` (`keyword_id`, `word`, `post_id`) VALUES (40, 'Feedback', 5);
INSERT INTO `mydb`.`Keyword` (`keyword_id`, `word`, `post_id`) VALUES (41, 'math', 6);
INSERT INTO `mydb`.`Keyword` (`keyword_id`, `word`, `post_id`) VALUES (42, 'Math', 6);
INSERT INTO `mydb`.`Keyword` (`keyword_id`, `word`, `post_id`) VALUES (43, 'Intermediate', 6);
INSERT INTO `mydb`.`Keyword` (`keyword_id`, `word`, `post_id`) VALUES (44, 'intermediate', 6);
INSERT INTO `mydb`.`Keyword` (`keyword_id`, `word`, `post_id`) VALUES (45, 'note', 6);
INSERT INTO `mydb`.`Keyword` (`keyword_id`, `word`, `post_id`) VALUES (46, 'Note', 6);
INSERT INTO `mydb`.`Keyword` (`keyword_id`, `word`, `post_id`) VALUES (47, 'note book', 6);
INSERT INTO `mydb`.`Keyword` (`keyword_id`, `word`, `post_id`) VALUES (48, 'class note', 6);
INSERT INTO `mydb`.`Keyword` (`keyword_id`, `word`, `post_id`) VALUES (49, 'course note', 6);
INSERT INTO `mydb`.`Keyword` (`keyword_id`, `word`, `post_id`) VALUES (50, 'accounting', 7);
INSERT INTO `mydb`.`Keyword` (`keyword_id`, `word`, `post_id`) VALUES (51, 'Accounting', 7);
INSERT INTO `mydb`.`Keyword` (`keyword_id`, `word`, `post_id`) VALUES (52, 'course', 7);
INSERT INTO `mydb`.`Keyword` (`keyword_id`, `word`, `post_id`) VALUES (53, 'course note', 7);
INSERT INTO `mydb`.`Keyword` (`keyword_id`, `word`, `post_id`) VALUES (54, 'note', 7);
INSERT INTO `mydb`.`Keyword` (`keyword_id`, `word`, `post_id`) VALUES (55, 'note book', 7);
INSERT INTO `mydb`.`Keyword` (`keyword_id`, `word`, `post_id`) VALUES (56, 'linear', 8);
INSERT INTO `mydb`.`Keyword` (`keyword_id`, `word`, `post_id`) VALUES (57, 'Linear', 8);
INSERT INTO `mydb`.`Keyword` (`keyword_id`, `word`, `post_id`) VALUES (58, 'algebra', 8);
INSERT INTO `mydb`.`Keyword` (`keyword_id`, `word`, `post_id`) VALUES (59, 'Algebra', 8);
INSERT INTO `mydb`.`Keyword` (`keyword_id`, `word`, `post_id`) VALUES (60, 'linear algebra', 8);
INSERT INTO `mydb`.`Keyword` (`keyword_id`, `word`, `post_id`) VALUES (61, 'course material', 8);
INSERT INTO `mydb`.`Keyword` (`keyword_id`, `word`, `post_id`) VALUES (62, 'material', 8);
INSERT INTO `mydb`.`Keyword` (`keyword_id`, `word`, `post_id`) VALUES (63, 'course', 8);
INSERT INTO `mydb`.`Keyword` (`keyword_id`, `word`, `post_id`) VALUES (64, 'phsics', 9);
INSERT INTO `mydb`.`Keyword` (`keyword_id`, `word`, `post_id`) VALUES (65, 'phsic', 9);
INSERT INTO `mydb`.`Keyword` (`keyword_id`, `word`, `post_id`) VALUES (66, 'foundation', 9);
INSERT INTO `mydb`.`Keyword` (`keyword_id`, `word`, `post_id`) VALUES (67, 'foundational', 9);
INSERT INTO `mydb`.`Keyword` (`keyword_id`, `word`, `post_id`) VALUES (68, 'course', 9);
INSERT INTO `mydb`.`Keyword` (`keyword_id`, `word`, `post_id`) VALUES (69, 'book', 9);
INSERT INTO `mydb`.`Keyword` (`keyword_id`, `word`, `post_id`) VALUES (70, 'text book', 9);
INSERT INTO `mydb`.`Keyword` (`keyword_id`, `word`, `post_id`) VALUES (71, 'material', 9);
INSERT INTO `mydb`.`Keyword` (`keyword_id`, `word`, `post_id`) VALUES (72, 'class material', 9);
INSERT INTO `mydb`.`Keyword` (`keyword_id`, `word`, `post_id`) VALUES (73, 'course material', 9);
INSERT INTO `mydb`.`Keyword` (`keyword_id`, `word`, `post_id`) VALUES (74, 'sa', 10);
INSERT INTO `mydb`.`Keyword` (`keyword_id`, `word`, `post_id`) VALUES (75, 'SA', 10);
INSERT INTO `mydb`.`Keyword` (`keyword_id`, `word`, `post_id`) VALUES (76, 'Sa', 10);
INSERT INTO `mydb`.`Keyword` (`keyword_id`, `word`, `post_id`) VALUES (77, 'system analysis', 10);
INSERT INTO `mydb`.`Keyword` (`keyword_id`, `word`, `post_id`) VALUES (78, 'feedback', 10);
INSERT INTO `mydb`.`Keyword` (`keyword_id`, `word`, `post_id`) VALUES (79, 'course feedback', 10);
INSERT INTO `mydb`.`Keyword` (`keyword_id`, `word`, `post_id`) VALUES (80, 'chemistry', 11);
INSERT INTO `mydb`.`Keyword` (`keyword_id`, `word`, `post_id`) VALUES (81, 'Chemistry', 11);
INSERT INTO `mydb`.`Keyword` (`keyword_id`, `word`, `post_id`) VALUES (82, 'note', 11);
INSERT INTO `mydb`.`Keyword` (`keyword_id`, `word`, `post_id`) VALUES (83, 'note book', 11);
INSERT INTO `mydb`.`Keyword` (`keyword_id`, `word`, `post_id`) VALUES (84, 'class note', 11);
INSERT INTO `mydb`.`Keyword` (`keyword_id`, `word`, `post_id`) VALUES (85, 'course note', 11);
INSERT INTO `mydb`.`Keyword` (`keyword_id`, `word`, `post_id`) VALUES (86, 'finance', 12);
INSERT INTO `mydb`.`Keyword` (`keyword_id`, `word`, `post_id`) VALUES (87, 'Finance', 12);
INSERT INTO `mydb`.`Keyword` (`keyword_id`, `word`, `post_id`) VALUES (88, 'advanced', 12);
INSERT INTO `mydb`.`Keyword` (`keyword_id`, `word`, `post_id`) VALUES (89, 'course material', 12);
INSERT INTO `mydb`.`Keyword` (`keyword_id`, `word`, `post_id`) VALUES (90, 'text book', 12);
INSERT INTO `mydb`.`Keyword` (`keyword_id`, `word`, `post_id`) VALUES (91, 'material', 12);
INSERT INTO `mydb`.`Keyword` (`keyword_id`, `word`, `post_id`) VALUES (92, 'linear', 13);
INSERT INTO `mydb`.`Keyword` (`keyword_id`, `word`, `post_id`) VALUES (93, 'Linear', 13);
INSERT INTO `mydb`.`Keyword` (`keyword_id`, `word`, `post_id`) VALUES (94, 'algebra', 13);
INSERT INTO `mydb`.`Keyword` (`keyword_id`, `word`, `post_id`) VALUES (95, 'Algebra', 13);
INSERT INTO `mydb`.`Keyword` (`keyword_id`, `word`, `post_id`) VALUES (96, 'linear algebra', 13);
INSERT INTO `mydb`.`Keyword` (`keyword_id`, `word`, `post_id`) VALUES (97, 'material', 13);
INSERT INTO `mydb`.`Keyword` (`keyword_id`, `word`, `post_id`) VALUES (98, 'class material', 13);
INSERT INTO `mydb`.`Keyword` (`keyword_id`, `word`, `post_id`) VALUES (99, 'course material', 13);
INSERT INTO `mydb`.`Keyword` (`keyword_id`, `word`, `post_id`) VALUES (100, 'math', 13);
INSERT INTO `mydb`.`Keyword` (`keyword_id`, `word`, `post_id`) VALUES (101, 'music', 14);
INSERT INTO `mydb`.`Keyword` (`keyword_id`, `word`, `post_id`) VALUES (102, 'Music', 14);
INSERT INTO `mydb`.`Keyword` (`keyword_id`, `word`, `post_id`) VALUES (103, 'foundational', 14);
INSERT INTO `mydb`.`Keyword` (`keyword_id`, `word`, `post_id`) VALUES (104, 'foundation', 14);
INSERT INTO `mydb`.`Keyword` (`keyword_id`, `word`, `post_id`) VALUES (105, 'feedback', 14);
INSERT INTO `mydb`.`Keyword` (`keyword_id`, `word`, `post_id`) VALUES (106, 'course feedback', 14);
INSERT INTO `mydb`.`Keyword` (`keyword_id`, `word`, `post_id`) VALUES (107, 'finance', 15);
INSERT INTO `mydb`.`Keyword` (`keyword_id`, `word`, `post_id`) VALUES (108, 'Finance', 15);
INSERT INTO `mydb`.`Keyword` (`keyword_id`, `word`, `post_id`) VALUES (109, 'feedback', 15);
INSERT INTO `mydb`.`Keyword` (`keyword_id`, `word`, `post_id`) VALUES (110, 'course feedback', 15);

COMMIT;

